{
  "version": "1.0.0",
  "context": {},
  "episodeConfigurations": [
    {
      "config_Lp": 0.1289999932050705,
      "config_mp": 0.024000000208616257,
      "config_Rm": 8.399999618530273,
      "config_kt": 0.041999999433755875,
      "config_km": 0.041999999433755875,
      "config_mr": 0.0949999988079071,
      "config_Lr": 0.08500000089406967,
      "config_Dr": 0.0002699999895412475,
      "config_Dp": 0.00004999999873689376,
      "config_frequency": 80,
      "config_initial_theta": -0.22703638703018122,
      "config_initial_alpha": 0.019432211130506166,
      "config_initial_theta_dot": -0.027536003870098472,
      "config_initial_alpha_dot": -0.025240532341675677
    },
    {
      "config_Lp": 0.1289999932050705,
      "config_mp": 0.024000000208616257,
      "config_Rm": 8.399999618530273,
      "config_kt": 0.041999999433755875,
      "config_km": 0.041999999433755875,
      "config_mr": 0.0949999988079071,
      "config_Lr": 0.08500000089406967,
      "config_Dr": 0.0002699999895412475,
      "config_Dp": 0.00004999999873689376,
      "config_frequency": 80,
      "config_initial_theta": -0.03899022958884224,
      "config_initial_alpha": 0.004663378221058716,
      "config_initial_theta_dot": -0.0016263054165045684,
      "config_initial_alpha_dot": 0.034022619674687254
    },
    {
      "config_Lp": 0.1289999932050705,
      "config_mp": 0.024000000208616257,
      "config_Rm": 8.399999618530273,
      "config_kt": 0.041999999433755875,
      "config_km": 0.041999999433755875,
      "config_mr": 0.0949999988079071,
      "config_Lr": 0.08500000089406967,
      "config_Dr": 0.0002699999895412475,
      "config_Dp": 0.00004999999873689376,
      "config_frequency": 80,
      "config_initial_theta": -0.08275915047690224,
      "config_initial_alpha": 0.03724348582933597,
      "config_initial_theta_dot": 0.029277400241504298,
      "config_initial_alpha_dot": 0.025031684231850176
    },
    {
      "config_Lp": 0.1289999932050705,
      "config_mp": 0.024000000208616257,
      "config_Rm": 8.399999618530273,
      "config_kt": 0.041999999433755875,
      "config_km": 0.041999999433755875,
      "config_mr": 0.0949999988079071,
      "config_Lr": 0.08500000089406967,
      "config_Dr": 0.0002699999895412475,
      "config_Dp": 0.00004999999873689376,
      "config_frequency": 80,
      "config_initial_theta": -0.019234190920674077,
      "config_initial_alpha": 0.01952191848143764,
      "config_initial_theta_dot": 0.001471153149863437,
      "config_initial_alpha_dot": -0.04540316856257492
    },
    {
      "config_Lp": 0.1289999932050705,
      "config_mp": 0.024000000208616257,
      "config_Rm": 8.399999618530273,
      "config_kt": 0.041999999433755875,
      "config_km": 0.041999999433755875,
      "config_mr": 0.0949999988079071,
      "config_Lr": 0.08500000089406967,
      "config_Dr": 0.0002699999895412475,
      "config_Dp": 0.00004999999873689376,
      "config_frequency": 80,
      "config_initial_theta": 0.11178866841067725,
      "config_initial_alpha": -0.0061685493018814735,
      "config_initial_theta_dot": -0.017027896121784847,
      "config_initial_alpha_dot": 0.029565441300641843
    },
    {
      "config_Lp": 0.1289999932050705,
      "config_mp": 0.024000000208616257,
      "config_Rm": 8.399999618530273,
      "config_kt": 0.041999999433755875,
      "config_km": 0.041999999433755875,
      "config_mr": 0.0949999988079071,
      "config_Lr": 0.08500000089406967,
      "config_Dr": 0.0002699999895412475,
      "config_Dp": 0.00004999999873689376,
      "config_frequency": 80,
      "config_initial_theta": -0.14634924119443382,
      "config_initial_alpha": -0.004796370730899842,
      "config_initial_theta_dot": -0.011320887202740264,
      "config_initial_alpha_dot": -0.020042141264386283
    },
    {
      "config_Lp": 0.1289999932050705,
      "config_mp": 0.024000000208616257,
      "config_Rm": 8.399999618530273,
      "config_kt": 0.041999999433755875,
      "config_km": 0.041999999433755875,
      "config_mr": 0.0949999988079071,
      "config_Lr": 0.08500000089406967,
      "config_Dr": 0.0002699999895412475,
      "config_Dp": 0.00004999999873689376,
      "config_frequency": 80,
      "config_initial_theta": 0.06452822123607388,
      "config_initial_alpha": -0.02999071364940595,
      "config_initial_theta_dot": 0.03130878841286448,
      "config_initial_alpha_dot": -0.007444995010608413
    },
    {
      "config_Lp": 0.1289999932050705,
      "config_mp": 0.024000000208616257,
      "config_Rm": 8.399999618530273,
      "config_kt": 0.041999999433755875,
      "config_km": 0.041999999433755875,
      "config_mr": 0.0949999988079071,
      "config_Lr": 0.08500000089406967,
      "config_Dr": 0.0002699999895412475,
      "config_Dp": 0.00004999999873689376,
      "config_frequency": 80,
      "config_initial_theta": 0.22041039960622832,
      "config_initial_alpha": -0.04835661892914276,
      "config_initial_theta_dot": 0.026584401018102,
      "config_initial_alpha_dot": 0.0017509015654825905
    },
    {
      "config_Lp": 0.1289999932050705,
      "config_mp": 0.024000000208616257,
      "config_Rm": 8.399999618530273,
      "config_kt": 0.041999999433755875,
      "config_km": 0.041999999433755875,
      "config_mr": 0.0949999988079071,
      "config_Lr": 0.08500000089406967,
      "config_Dr": 0.0002699999895412475,
      "config_Dp": 0.00004999999873689376,
      "config_frequency": 80,
      "config_initial_theta": 0.18423002005294942,
      "config_initial_alpha": 0.034692263047723104,
      "config_initial_theta_dot": -0.04261736795963292,
      "config_initial_alpha_dot": -0.027405870928219875
    },
    {
      "config_Lp": 0.1289999932050705,
      "config_mp": 0.024000000208616257,
      "config_Rm": 8.399999618530273,
      "config_kt": 0.041999999433755875,
      "config_km": 0.041999999433755875,
      "config_mr": 0.0949999988079071,
      "config_Lr": 0.08500000089406967,
      "config_Dr": 0.0002699999895412475,
      "config_Dp": 0.00004999999873689376,
      "config_frequency": 80,
      "config_initial_theta": -0.13647464876511886,
      "config_initial_alpha": 0.006241834831674495,
      "config_initial_theta_dot": -0.02190761639017334,
      "config_initial_alpha_dot": -0.03102945170487222
    },
    {
      "config_Lp": 0.1289999932050705,
      "config_mp": 0.024000000208616257,
      "config_Rm": 8.399999618530273,
      "config_kt": 0.041999999433755875,
      "config_km": 0.041999999433755875,
      "config_mr": 0.0949999988079071,
      "config_Lr": 0.08500000089406967,
      "config_Dr": 0.0002699999895412475,
      "config_Dp": 0.00004999999873689376,
      "config_frequency": 80,
      "config_initial_theta": -0.26544010459170675,
      "config_initial_alpha": 0.04054623608437033,
      "config_initial_theta_dot": 0.044382466500765355,
      "config_initial_alpha_dot": -0.03999410853665396
    },
    {
      "config_Lp": 0.1289999932050705,
      "config_mp": 0.024000000208616257,
      "config_Rm": 8.399999618530273,
      "config_kt": 0.041999999433755875,
      "config_km": 0.041999999433755875,
      "config_mr": 0.0949999988079071,
      "config_Lr": 0.08500000089406967,
      "config_Dr": 0.0002699999895412475,
      "config_Dp": 0.00004999999873689376,
      "config_frequency": 80,
      "config_initial_theta": -0.004267784819405429,
      "config_initial_alpha": -0.02694324644613327,
      "config_initial_theta_dot": 0.020290303022798606,
      "config_initial_alpha_dot": 0.018525066112018873
    },
    {
      "config_Lp": 0.1289999932050705,
      "config_mp": 0.024000000208616257,
      "config_Rm": 8.399999618530273,
      "config_kt": 0.041999999433755875,
      "config_km": 0.041999999433755875,
      "config_mr": 0.0949999988079071,
      "config_Lr": 0.08500000089406967,
      "config_Dr": 0.0002699999895412475,
      "config_Dp": 0.00004999999873689376,
      "config_frequency": 80,
      "config_initial_theta": -0.2126273418574489,